id,name,parent_id,kind
site-1,Site 1,,site
bldg-1,Building 1,site-1,building
space-1,Room 1,bldg-1,space
space-2,Room 2,bldg-1,space
space-3,Room 3,bldg-1,space
space-4,Room 4,bldg-1,space
space-5,Room 5,bldg-1,space
space-6,Room 6,bldg-1,space
space-7,Room 7,bldg-1,space
space-8,Room 8,bldg-1,space
space-9,Room 9,bldg-1,space
space-10,Room 10,bldg-1,space
space-11,Room 11,bldg-1,space
space-12,Room 12,bldg-1,space
space-13,Room 13,bldg-1,space
space-14,Room 14,bldg-1,space
space-15,Room 15,bldg-1,space
space-16,Room 16,bldg-1,space
space-17,Room 17,bldg-1,space
space-18,Room 18,bldg-1,space
space-19,Room 19,bldg-1,space
space-20,Room 20,bldg-1,space
space-21,Room 21,bldg-1,space
space-22,Room 22,bldg-1,space
space-23,Room 23,bldg-1,space
space-24,Room 24,bldg-1,space
space-25,Room 25,bldg-1,space
space-26,Room 26,bldg-1,space
space-27,Room 27,bldg-1,space
space-28,Room 28,bldg-1,space
space-29,Room 29,bldg-1,space
space-30,Room 30,bldg-1,space
space-31,Room 31,bldg-1,space
space-32,Room 32,bldg-1,space
space-33,Room 33,bldg-1,space
space-34,Room 34,bldg-1,space
space-35,Room 35,bldg-1,space
space-36,Room 36,bldg-1,space
space-37,Room 37,bldg-1,space
space-38,Room 38,bldg-1,space
space-39,Room 39,bldg-1,space
space-40,Room 40,bldg-1,space
space-41,Room 41,bldg-1,space
space-42,Room 42,bldg-1,space
space-43,Room 43,bldg-1,space
space-44,Room 44,bldg-1,space
space-45,Room 45,bldg-1,space
space-46,Room 46,bldg-1,space
space-47,Room 47,bldg-1,space
space-48,Room 48,bldg-1,space
space-49,Room 49,bldg-1,space
space-50,Room 50,bldg-1,space
space-51,Room 51,bldg-1,space
space-52,Room 52,bldg-1,space
space-53,Room 53,bldg-1,space
space-54,Room 54,bldg-1,space
space-55,Room 55,bldg-1,space
space-56,Room 56,bldg-1,space
space-57,Room 57,bldg-1,space
space-58,Room 58,bldg-1,space
space-59,Room 59,bldg-1,space
space-60,Room 60,bldg-1,space
space-61,Room 61,bldg-1,space
space-62,Room 62,bldg-1,space
space-63,Room 63,bldg-1,space
space-64,Room 64,bldg-1,space
space-65,Room 65,bldg-1,space
space-66,Room 66,bldg-1,space
space-67,Room 67,bldg-1,space
space-68,Room 68,bldg-1,space
space-69,Room 69,bldg-1,space
space-70,Room 70,bldg-1,space
space-71,Room 71,bldg-1,space
space-72,Room 72,bldg-1,space
space-73,Room 73,bldg-1,space
space-74,Room 74,bldg-1,space
space-75,Room 75,bldg-1,space
space-76,Room 76,bldg-1,space
space-77,Room 77,bldg-1,space
space-78,Room 78,bldg-1,space
space-79,Room 79,bldg-1,space
space-80,Room 80,bldg-1,space
space-81,Room 81,bldg-1,space
space-82,Room 82,bldg-1,space
space-83,Room 83,bldg-1,space
space-84,Room 84,bldg-1,space
space-85,Room 85,bldg-1,space
space-86,Room 86,bldg-1,space
space-87,Room 87,bldg-1,space
space-88,Room 88,bldg-1,space
space-89,Room 89,bldg-1,space
space-90,Room 90,bldg-1,space
space-91,Room 91,bldg-1,space
space-92,Room 92,bldg-1,space
space-93,Room 93,bldg-1,space
space-94,Room 94,bldg-1,space
space-95,Room 95,bldg-1,space
space-96,Room 96,bldg-1,space
space-97,Room 97,bldg-1,space
space-98,Room 98,bldg-1,space
space-99,Room 99,bldg-1,space
space-100,Room 100,bldg-1,space
space-101,Room 101,bldg-1,space
space-102,Room 102,bldg-1,space
space-103,Room 103,bldg-1,space
space-104,Room 104,bldg-1,space
space-105,Room 105,bldg-1,space
space-106,Room 106,bldg-1,space
space-107,Room 107,bldg-1,space
space-108,Room 108,bldg-1,space
space-109,Room 109,bldg-1,space
space-110,Room 110,bldg-1,space
space-111,Room 111,bldg-1,space
space-112,Room 112,bldg-1,space
space-113,Room 113,bldg-1,space
space-114,Room 114,bldg-1,space
space-115,Room 115,bldg-1,space
space-116,Room 116,bldg-1,space
space-117,Room 117,bldg-1,space
space-118,Room 118,bldg-1,space
space-119,Room 119,bldg-1,space
space-120,Room 120,bldg-1,space
space-121,Room 121,bldg-1,space
space-122,Room 122,bldg-1,space
space-123,Room 123,bldg-1,space
space-124,Room 124,bldg-1,space
space-125,Room 125,bldg-1,space
space-126,Room 126,bldg-1,space
space-127,Room 127,bldg-1,space
space-128,Room 128,bldg-1,space
space-129,Room 129,bldg-1,space
space-130,Room 130,bldg-1,space
space-131,Room 131,bldg-1,space
space-132,Room 132,bldg-1,space
space-133,Room 133,bldg-1,space
space-134,Room 134,bldg-1,space
space-135,Room 135,bldg-1,space
space-136,Room 136,bldg-1,space
space-137,Room 137,bldg-1,space
space-138,Room 138,bldg-1,space
space-139,Room 139,bldg-1,space
space-140,Room 140,bldg-1,space
space-141,Room 141,bldg-1,space
space-142,Room 142,bldg-1,space
space-143,Room 143,bldg-1,space
space-144,Room 144,bldg-1,space
space-145,Room 145,bldg-1,space
space-146,Room 146,bldg-1,space
space-147,Room 147,bldg-1,space
space-148,Room 148,bldg-1,space
space-149,Room 149,bldg-1,space
space-150,Room 150,bldg-1,space
space-151,Room 151,bldg-1,space
space-152,Room 152,bldg-1,space
space-153,Room 153,bldg-1,space
space-154,Room 154,bldg-1,space
space-155,Room 155,bldg-1,space
space-156,Room 156,bldg-1,space
space-157,Room 157,bldg-1,space
space-158,Room 158,bldg-1,space
space-159,Room 159,bldg-1,space
space-160,Room 160,bldg-1,space
space-161,Room 161,bldg-1,space
space-162,Room 162,bldg-1,space
space-163,Room 163,bldg-1,space
space-164,Room 164,bldg-1,space
space-165,Room 165,bldg-1,space
space-166,Room 166,bldg-1,space
space-167,Room 167,bldg-1,space
space-168,Room 168,bldg-1,space
space-169,Room 169,bldg-1,space
space-170,Room 170,bldg-1,space
space-171,Room 171,bldg-1,space
space-172,Room 172,bldg-1,space
space-173,Room 173,bldg-1,space
space-174,Room 174,bldg-1,space
space-175,Room 175,bldg-1,space
space-176,Room 176,bldg-1,space
space-177,Room 177,bldg-1,space
space-178,Room 178,bldg-1,space
space-179,Room 179,bldg-1,space
space-180,Room 180,bldg-1,space
space-181,Room 181,bldg-1,space
space-182,Room 182,bldg-1,space
space-183,Room 183,bldg-1,space
space-184,Room 184,bldg-1,space
space-185,Room 185,bldg-1,space
space-186,Room 186,bldg-1,space
space-187,Room 187,bldg-1,space
space-188,Room 188,bldg-1,space
space-189,Room 189,bldg-1,space
space-190,Room 190,bldg-1,space
space-191,Room 191,bldg-1,space
space-192,Room 192,bldg-1,space
space-193,Room 193,bldg-1,space
space-194,Room 194,bldg-1,space
space-195,Room 195,bldg-1,space
space-196,Room 196,bldg-1,space
space-197,Room 197,bldg-1,space
space-198,Room 198,bldg-1,space
space-199,Room 199,bldg-1,space
space-200,Room 200,bldg-1,space
space-201,Room 201,bldg-1,space
space-202,Room 202,bldg-1,space
space-203,Room 203,bldg-1,space
space-204,Room 204,bldg-1,space
space-205,Room 205,bldg-1,space
space-206,Room 206,bldg-1,space
space-207,Room 207,bldg-1,space
space-208,Room 208,bldg-1,space
space-209,Room 209,bldg-1,space
space-210,Room 210,bldg-1,space
space-211,Room 211,bldg-1,space
space-212,Room 212,bldg-1,space
space-213,Room 213,bldg-1,space
space-214,Room 214,bldg-1,space
space-215,Room 215,bldg-1,space
space-216,Room 216,bldg-1,space
space-217,Room 217,bldg-1,space
space-218,Room 218,bldg-1,space
space-219,Room 219,bldg-1,space
space-220,Room 220,bldg-1,space
space-221,Room 221,bldg-1,space
space-222,Room 222,bldg-1,space
space-223,Room 223,bldg-1,space
space-224,Room 224,bldg-1,space
space-225,Room 225,bldg-1,space
space-226,Room 226,bldg-1,space
space-227,Room 227,bldg-1,space
space-228,Room 228,bldg-1,space
space-229,Room 229,bldg-1,space
space-230,Room 230,bldg-1,space
space-231,Room 231,bldg-1,space
space-232,Room 232,bldg-1,space
space-233,Room 233,bldg-1,space
space-234,Room 234,bldg-1,space
space-235,Room 235,bldg-1,space
space-236,Room 236,bldg-1,space
space-237,Room 237,bldg-1,space
space-238,Room 238,bldg-1,space
space-239,Room 239,bldg-1,space
space-240,Room 240,bldg-1,space
space-241,Room 241,bldg-1,space
space-242,Room 242,bldg-1,space
space-243,Room 243,bldg-1,space
space-244,Room 244,bldg-1,space
space-245,Room 245,bldg-1,space
space-246,Room 246,bldg-1,space
space-247,Room 247,bldg-1,space
space-248,Room 248,bldg-1,space
space-249,Room 249,bldg-1,space
space-250,Room 250,bldg-1,space
space-251,Room 251,bldg-1,space
space-252,Room 252,bldg-1,space
space-253,Room 253,bldg-1,space
space-254,Room 254,bldg-1,space
space-255,Room 255,bldg-1,space
space-256,Room 256,bldg-1,space
space-257,Room 257,bldg-1,space
space-258,Room 258,bldg-1,space
space-259,Room 259,bldg-1,space
space-260,Room 260,bldg-1,space
space-261,Room 261,bldg-1,space
space-262,Room 262,bldg-1,space
space-263,Room 263,bldg-1,space
space-264,Room 264,bldg-1,space
space-265,Room 265,bldg-1,space
space-266,Room 266,bldg-1,space
space-267,Room 267,bldg-1,space
space-268,Room 268,bldg-1,space
space-269,Room 269,bldg-1,space
space-270,Room 270,bldg-1,space
space-271,Room 271,bldg-1,space
space-272,Room 272,bldg-1,space
space-273,Room 273,bldg-1,space
space-274,Room 274,bldg-1,space
space-275,Room 275,bldg-1,space
space-276,Room 276,bldg-1,space
space-277,Room 277,bldg-1,space
space-278,Room 278,bldg-1,space
space-279,Room 279,bldg-1,space
space-280,Room 280,bldg-1,space
space-281,Room 281,bldg-1,space
space-282,Room 282,bldg-1,space
space-283,Room 283,bldg-1,space
space-284,Room 284,bldg-1,space
space-285,Room 285,bldg-1,space
space-286,Room 286,bldg-1,space
space-287,Room 287,bldg-1,space
space-288,Room 288,bldg-1,space
space-289,Room 289,bldg-1,space
space-290,Room 290,bldg-1,space
space-291,Room 291,bldg-1,space
space-292,Room 292,bldg-1,space
space-293,Room 293,bldg-1,space
space-294,Room 294,bldg-1,space
space-295,Room 295,bldg-1,space
space-296,Room 296,bldg-1,space
space-297,Room 297,bldg-1,space
space-298,Room 298,bldg-1,space
space-299,Room 299,bldg-1,space
space-300,Room 300,bldg-1,space
space-301,Room 301,bldg-1,space
space-302,Room 302,bldg-1,space
space-303,Room 303,bldg-1,space
space-304,Room 304,bldg-1,space
space-305,Room 305,bldg-1,space
space-306,Room 306,bldg-1,space
space-307,Room 307,bldg-1,space
space-308,Room 308,bldg-1,space
space-309,Room 309,bldg-1,space
space-310,Room 310,bldg-1,space
space-311,Room 311,bldg-1,space
space-312,Room 312,bldg-1,space
space-313,Room 313,bldg-1,space
space-314,Room 314,bldg-1,space
space-315,Room 315,bldg-1,space
space-316,Room 316,bldg-1,space
space-317,Room 317,bldg-1,space
space-318,Room 318,bldg-1,space
space-319,Room 319,bldg-1,space
space-320,Room 320,bldg-1,space
space-321,Room 321,bldg-1,space
space-322,Room 322,bldg-1,space
space-323,Room 323,bldg-1,space
space-324,Room 324,bldg-1,space
space-325,Room 325,bldg-1,space
space-326,Room 326,bldg-1,space
space-327,Room 327,bldg-1,space
space-328,Room 328,bldg-1,space
space-329,Room 329,bldg-1,space
space-330,Room 330,bldg-1,space
space-331,Room 331,bldg-1,space
space-332,Room 332,bldg-1,space
space-333,Room 333,bldg-1,space
space-334,Room 334,bldg-1,space
space-335,Room 335,bldg-1,space
space-336,Room 336,bldg-1,space
space-337,Room 337,bldg-1,space
space-338,Room 338,bldg-1,space
space-339,Room 339,bldg-1,space
space-340,Room 340,bldg-1,space
space-341,Room 341,bldg-1,space
space-342,Room 342,bldg-1,space
space-343,Room 343,bldg-1,space
space-344,Room 344,bldg-1,space
space-345,Room 345,bldg-1,space
space-346,Room 346,bldg-1,space
space-347,Room 347,bldg-1,space
space-348,Room 348,bldg-1,space
space-349,Room 349,bldg-1,space
space-350,Room 350,bldg-1,space
space-351,Room 351,bldg-1,space
space-352,Room 352,bldg-1,space
space-353,Room 353,bldg-1,space
space-354,Room 354,bldg-1,space
space-355,Room 355,bldg-1,space
space-356,Room 356,bldg-1,space
space-357,Room 357,bldg-1,space
space-358,Room 358,bldg-1,space
space-359,Room 359,bldg-1,space
space-360,Room 360,bldg-1,space
space-361,Room 361,bldg-1,space
space-362,Room 362,bldg-1,space
space-363,Room 363,bldg-1,space
space-364,Room 364,bldg-1,space
space-365,Room 365,bldg-1,space
space-366,Room 366,bldg-1,space
space-367,Room 367,bldg-1,space
space-368,Room 368,bldg-1,space
space-369,Room 369,bldg-1,space
space-370,Room 370,bldg-1,space
space-371,Room 371,bldg-1,space
space-372,Room 372,bldg-1,space
space-373,Room 373,bldg-1,space
space-374,Room 374,bldg-1,space
space-375,Room 375,bldg-1,space
space-376,Room 376,bldg-1,space
space-377,Room 377,bldg-1,space
space-378,Room 378,bldg-1,space
space-379,Room 379,bldg-1,space
space-380,Room 380,bldg-1,space
space-381,Room 381,bldg-1,space
space-382,Room 382,bldg-1,space
space-383,Room 383,bldg-1,space
space-384,Room 384,bldg-1,space
space-385,Room 385,bldg-1,space
space-386,Room 386,bldg-1,space
space-387,Room 387,bldg-1,space
space-388,Room 388,bldg-1,space
space-389,Room 389,bldg-1,space
space-390,Room 390,bldg-1,space
space-391,Room 391,bldg-1,space
space-392,Room 392,bldg-1,space
space-393,Room 393,bldg-1,space
space-394,Room 394,bldg-1,space
space-395,Room 395,bldg-1,space
space-396,Room 396,bldg-1,space
space-397,Room 397,bldg-1,space
space-398,Room 398,bldg-1,space
space-399,Room 399,bldg-1,space
space-400,Room 400,bldg-1,space
space-401,Room 401,bldg-1,space
space-402,Room 402,bldg-1,space
space-403,Room 403,bldg-1,space
space-404,Room 404,bldg-1,space
space-405,Room 405,bldg-1,space
space-406,Room 406,bldg-1,space
space-407,Room 407,bldg-1,space
space-408,Room 408,bldg-1,space
space-409,Room 409,bldg-1,space
space-410,Room 410,bldg-1,space
space-411,Room 411,bldg-1,space
space-412,Room 412,bldg-1,space
space-413,Room 413,bldg-1,space
space-414,Room 414,bldg-1,space
space-415,Room 415,bldg-1,space
space-416,Room 416,bldg-1,space
space-417,Room 417,bldg-1,space
space-418,Room 418,bldg-1,space
space-419,Room 419,bldg-1,space
space-420,Room 420,bldg-1,space
space-421,Room 421,bldg-1,space
space-422,Room 422,bldg-1,space
space-423,Room 423,bldg-1,space
space-424,Room 424,bldg-1,space
space-425,Room 425,bldg-1,space
space-426,Room 426,bldg-1,space
space-427,Room 427,bldg-1,space
space-428,Room 428,bldg-1,space
space-429,Room 429,bldg-1,space
space-430,Room 430,bldg-1,space
space-431,Room 431,bldg-1,space
space-432,Room 432,bldg-1,space
space-433,Room 433,bldg-1,space
space-434,Room 434,bldg-1,space
space-435,Room 435,bldg-1,space
space-436,Room 436,bldg-1,space
space-437,Room 437,bldg-1,space
space-438,Room 438,bldg-1,space
space-439,Room 439,bldg-1,space
space-440,Room 440,bldg-1,space
space-441,Room 441,bldg-1,space
space-442,Room 442,bldg-1,space
space-443,Room 443,bldg-1,space
space-444,Room 444,bldg-1,space
space-445,Room 445,bldg-1,space
space-446,Room 446,bldg-1,space
space-447,Room 447,bldg-1,space
space-448,Room 448,bldg-1,space
space-449,Room 449,bldg-1,space
space-450,Room 450,bldg-1,space
space-451,Room 451,bldg-1,space
space-452,Room 452,bldg-1,space
space-453,Room 453,bldg-1,space
space-454,Room 454,bldg-1,space
space-455,Room 455,bldg-1,space
space-456,Room 456,bldg-1,space
space-457,Room 457,bldg-1,space
space-458,Room 458,bldg-1,space
space-459,Room 459,bldg-1,space
space-460,Room 460,bldg-1,space
space-461,Room 461,bldg-1,space
space-462,Room 462,bldg-1,space
space-463,Room 463,bldg-1,space
space-464,Room 464,bldg-1,space
space-465,Room 465,bldg-1,space
space-466,Room 466,bldg-1,space
space-467,Room 467,bldg-1,space
space-468,Room 468,bldg-1,space
space-469,Room 469,bldg-1,space
space-470,Room 470,bldg-1,space
space-471,Room 471,bldg-1,space
space-472,Room 472,bldg-1,space
space-473,Room 473,bldg-1,space
space-474,Room 474,bldg-1,space
space-475,Room 475,bldg-1,space
space-476,Room 476,bldg-1,space
space-477,Room 477,bldg-1,space
space-478,Room 478,bldg-1,space
space-479,Room 479,bldg-1,space
space-480,Room 480,bldg-1,space
space-481,Room 481,bldg-1,space
space-482,Room 482,bldg-1,space
space-483,Room 483,bldg-1,space
space-484,Room 484,bldg-1,space
space-485,Room 485,bldg-1,space
space-486,Room 486,bldg-1,space
space-487,Room 487,bldg-1,space
space-488,Room 488,bldg-1,space
space-489,Room 489,bldg-1,space
space-490,Room 490,bldg-1,space
space-491,Room 491,bldg-1,space
space-492,Room 492,bldg-1,space
space-493,Room 493,bldg-1,space
space-494,Room 494,bldg-1,space
space-495,Room 495,bldg-1,space
space-496,Room 496,bldg-1,space
space-497,Room 497,bldg-1,space
space-498,Room 498,bldg-1,space
space-499,Room 499,bldg-1,space
space-500,Room 500,bldg-1,space
space-501,Room 501,bldg-1,space
space-502,Room 502,bldg-1,space
space-503,Room 503,bldg-1,space
space-504,Room 504,bldg-1,space
space-505,Room 505,bldg-1,space
space-506,Room 506,bldg-1,space
space-507,Room 507,bldg-1,space
space-508,Room 508,bldg-1,space
space-509,Room 509,bldg-1,space
space-510,Room 510,bldg-1,space
space-511,Room 511,bldg-1,space
space-512,Room 512,bldg-1,space
space-513,Room 513,bldg-1,space
space-514,Room 514,bldg-1,space
space-515,Room 515,bldg-1,space
space-516,Room 516,bldg-1,space
space-517,Room 517,bldg-1,space
space-518,Room 518,bldg-1,space
space-519,Room 519,bldg-1,space
space-520,Room 520,bldg-1,space
space-521,Room 521,bldg-1,space
space-522,Room 522,bldg-1,space
space-523,Room 523,bldg-1,space
space-524,Room 524,bldg-1,space
space-525,Room 525,bldg-1,space
space-526,Room 526,bldg-1,space
space-527,Room 527,bldg-1,space
space-528,Room 528,bldg-1,space
space-529,Room 529,bldg-1,space
space-530,Room 530,bldg-1,space
space-531,Room 531,bldg-1,space
space-532,Room 532,bldg-1,space
space-533,Room 533,bldg-1,space
space-534,Room 534,bldg-1,space
space-535,Room 535,bldg-1,space
space-536,Room 536,bldg-1,space
space-537,Room 537,bldg-1,space
space-538,Room 538,bldg-1,space
space-539,Room 539,bldg-1,space
space-540,Room 540,bldg-1,space
space-541,Room 541,bldg-1,space
space-542,Room 542,bldg-1,space
space-543,Room 543,bldg-1,space
space-544,Room 544,bldg-1,space
space-545,Room 545,bldg-1,space
space-546,Room 546,bldg-1,space
space-547,Room 547,bldg-1,space
space-548,Room 548,bldg-1,space
space-549,Room 549,bldg-1,space
space-550,Room 550,bldg-1,space
space-551,Room 551,bldg-1,space
space-552,Room 552,bldg-1,space
space-553,Room 553,bldg-1,space
space-554,Room 554,bldg-1,space
space-555,Room 555,bldg-1,space
space-556,Room 556,bldg-1,space
space-557,Room 557,bldg-1,space
space-558,Room 558,bldg-1,space
space-559,Room 559,bldg-1,space
space-560,Room 560,bldg-1,space
space-561,Room 561,bldg-1,space
space-562,Room 562,bldg-1,space
space-563,Room 563,bldg-1,space
space-564,Room 564,bldg-1,space
space-565,Room 565,bldg-1,space
space-566,Room 566,bldg-1,space
space-567,Room 567,bldg-1,space
space-568,Room 568,bldg-1,space
space-569,Room 569,bldg-1,space
space-570,Room 570,bldg-1,space
space-571,Room 571,bldg-1,space
space-572,Room 572,bldg-1,space
space-573,Room 573,bldg-1,space
space-574,Room 574,bldg-1,space
space-575,Room 575,bldg-1,space
space-576,Room 576,bldg-1,space
space-577,Room 577,bldg-1,space
space-578,Room 578,bldg-1,space
space-579,Room 579,bldg-1,space
space-580,Room 580,bldg-1,space
space-581,Room 581,bldg-1,space
space-582,Room 582,bldg-1,space
space-583,Room 583,bldg-1,space
space-584,Room 584,bldg-1,space
space-585,Room 585,bldg-1,space
space-586,Room 586,bldg-1,space
space-587,Room 587,bldg-1,space
space-588,Room 588,bldg-1,space
space-589,Room 589,bldg-1,space
space-590,Room 590,bldg-1,space
space-591,Room 591,bldg-1,space
space-592,Room 592,bldg-1,space
space-593,Room 593,bldg-1,space
space-594,Room 594,bldg-1,space
space-595,Room 595,bldg-1,space
space-596,Room 596,bldg-1,space
space-597,Room 597,bldg-1,space
space-598,Room 598,bldg-1,space
space-599,Room 599,bldg-1,space
space-600,Room 600,bldg-1,space
space-601,Room 601,bldg-1,space
space-602,Room 602,bldg-1,space
space-603,Room 603,bldg-1,space
space-604,Room 604,bldg-1,space
space-605,Room 605,bldg-1,space
space-606,Room 606,bldg-1,space
space-607,Room 607,bldg-1,space
space-608,Room 608,bldg-1,space
space-609,Room 609,bldg-1,space
space-610,Room 610,bldg-1,space
space-611,Room 611,bldg-1,space
space-612,Room 612,bldg-1,space
space-613,Room 613,bldg-1,space
space-614,Room 614,bldg-1,space
space-615,Room 615,bldg-1,space
space-616,Room 616,bldg-1,space
space-617,Room 617,bldg-1,space
space-618,Room 618,bldg-1,space
space-619,Room 619,bldg-1,space
space-620,Room 620,bldg-1,space
space-621,Room 621,bldg-1,space
space-622,Room 622,bldg-1,space
space-623,Room 623,bldg-1,space
space-624,Room 624,bldg-1,space
space-625,Room 625,bldg-1,space
space-626,Room 626,bldg-1,space
space-627,Room 627,bldg-1,space
space-628,Room 628,bldg-1,space
space-629,Room 629,bldg-1,space
space-630,Room 630,bldg-1,space
space-631,Room 631,bldg-1,space
space-632,Room 632,bldg-1,space
space-633,Room 633,bldg-1,space
space-634,Room 634,bldg-1,space
space-635,Room 635,bldg-1,space
space-636,Room 636,bldg-1,space
space-637,Room 637,bldg-1,space
space-638,Room 638,bldg-1,space
space-639,Room 639,bldg-1,space
space-640,Room 640,bldg-1,space
space-641,Room 641,bldg-1,space
space-642,Room 642,bldg-1,space
space-643,Room 643,bldg-1,space
space-644,Room 644,bldg-1,space
space-645,Room 645,bldg-1,space
space-646,Room 646,bldg-1,space
space-647,Room 647,bldg-1,space
space-648,Room 648,bldg-1,space
space-649,Room 649,bldg-1,space
space-650,Room 650,bldg-1,space
space-651,Room 651,bldg-1,space
space-652,Room 652,bldg-1,space
space-653,Room 653,bldg-1,space
space-654,Room 654,bldg-1,space
space-655,Room 655,bldg-1,space
space-656,Room 656,bldg-1,space
space-657,Room 657,bldg-1,space
space-658,Room 658,bldg-1,space
space-659,Room 659,bldg-1,space
space-660,Room 660,bldg-1,space
space-661,Room 661,bldg-1,space
space-662,Room 662,bldg-1,space
space-663,Room 663,bldg-1,space
space-664,Room 664,bldg-1,space
space-665,Room 665,bldg-1,space
space-666,Room 666,bldg-1,space
space-667,Room 667,bldg-1,space
space-668,Room 668,bldg-1,space
space-669,Room 669,bldg-1,space
space-670,Room 670,bldg-1,space
space-671,Room 671,bldg-1,space
space-672,Room 672,bldg-1,space
space-673,Room 673,bldg-1,space
space-674,Room 674,bldg-1,space
space-675,Room 675,bldg-1,space
space-676,Room 676,bldg-1,space
space-677,Room 677,bldg-1,space
space-678,Room 678,bldg-1,space
space-679,Room 679,bldg-1,space
space-680,Room 680,bldg-1,space
space-681,Room 681,bldg-1,space
space-682,Room 682,bldg-1,space
space-683,Room 683,bldg-1,space
space-684,Room 684,bldg-1,space
space-685,Room 685,bldg-1,space
space-686,Room 686,bldg-1,space
space-687,Room 687,bldg-1,space
space-688,Room 688,bldg-1,space
space-689,Room 689,bldg-1,space
space-690,Room 690,bldg-1,space
space-691,Room 691,bldg-1,space
space-692,Room 692,bldg-1,space
space-693,Room 693,bldg-1,space
space-694,Room 694,bldg-1,space
space-695,Room 695,bldg-1,space
space-696,Room 696,bldg-1,space
space-697,Room 697,bldg-1,space
space-698,Room 698,bldg-1,space
space-699,Room 699,bldg-1,space
space-700,Room 700,bldg-1,space
space-701,Room 701,bldg-1,space
space-702,Room 702,bldg-1,space
space-703,Room 703,bldg-1,space
space-704,Room 704,bldg-1,space
space-705,Room 705,bldg-1,space
space-706,Room 706,bldg-1,space
space-707,Room 707,bldg-1,space
space-708,Room 708,bldg-1,space
space-709,Room 709,bldg-1,space
space-710,Room 710,bldg-1,space
space-711,Room 711,bldg-1,space
space-712,Room 712,bldg-1,space
space-713,Room 713,bldg-1,space
space-714,Room 714,bldg-1,space
space-715,Room 715,bldg-1,space
space-716,Room 716,bldg-1,space
space-717,Room 717,bldg-1,space
space-718,Room 718,bldg-1,space
space-719,Room 719,bldg-1,space
space-720,Room 720,bldg-1,space
space-721,Room 721,bldg-1,space
space-722,Room 722,bldg-1,space
space-723,Room 723,bldg-1,space
space-724,Room 724,bldg-1,space
space-725,Room 725,bldg-1,space
space-726,Room 726,bldg-1,space
space-727,Room 727,bldg-1,space
space-728,Room 728,bldg-1,space
space-729,Room 729,bldg-1,space
space-730,Room 730,bldg-1,space
space-731,Room 731,bldg-1,space
space-732,Room 732,bldg-1,space
space-733,Room 733,bldg-1,space
space-734,Room 734,bldg-1,space
space-735,Room 735,bldg-1,space
space-736,Room 736,bldg-1,space
space-737,Room 737,bldg-1,space
space-738,Room 738,bldg-1,space
space-739,Room 739,bldg-1,space
space-740,Room 740,bldg-1,space
space-741,Room 741,bldg-1,space
space-742,Room 742,bldg-1,space
space-743,Room 743,bldg-1,space
space-744,Room 744,bldg-1,space
space-745,Room 745,bldg-1,space
space-746,Room 746,bldg-1,space
space-747,Room 747,bldg-1,space
space-748,Room 748,bldg-1,space
space-749,Room 749,bldg-1,space
space-750,Room 750,bldg-1,space
space-751,Room 751,bldg-1,space
space-752,Room 752,bldg-1,space
space-753,Room 753,bldg-1,space
space-754,Room 754,bldg-1,space
space-755,Room 755,bldg-1,space
space-756,Room 756,bldg-1,space
space-757,Room 757,bldg-1,space
space-758,Room 758,bldg-1,space
space-759,Room 759,bldg-1,space
space-760,Room 760,bldg-1,space
space-761,Room 761,bldg-1,space
space-762,Room 762,bldg-1,space
space-763,Room 763,bldg-1,space
space-764,Room 764,bldg-1,space
space-765,Room 765,bldg-1,space
space-766,Room 766,bldg-1,space
space-767,Room 767,bldg-1,space
space-768,Room 768,bldg-1,space
space-769,Room 769,bldg-1,space
space-770,Room 770,bldg-1,space
space-771,Room 771,bldg-1,space
space-772,Room 772,bldg-1,space
space-773,Room 773,bldg-1,space
space-774,Room 774,bldg-1,space
space-775,Room 775,bldg-1,space
space-776,Room 776,bldg-1,space
space-777,Room 777,bldg-1,space
space-778,Room 778,bldg-1,space
space-779,Room 779,bldg-1,space
space-780,Room 780,bldg-1,space
space-781,Room 781,bldg-1,space
space-782,Room 782,bldg-1,space
space-783,Room 783,bldg-1,space
space-784,Room 784,bldg-1,space
space-785,Room 785,bldg-1,space
space-786,Room 786,bldg-1,space
space-787,Room 787,bldg-1,space
space-788,Room 788,bldg-1,space
space-789,Room 789,bldg-1,space
space-790,Room 790,bldg-1,space
space-791,Room 791,bldg-1,space
space-792,Room 792,bldg-1,space
space-793,Room 793,bldg-1,space
space-794,Room 794,bldg-1,space
space-795,Room 795,bldg-1,space
space-796,Room 796,bldg-1,space
space-797,Room 797,bldg-1,space
space-798,Room 798,bldg-1,space
space-799,Room 799,bldg-1,space
space-800,Room 800,bldg-1,space
space-801,Room 801,bldg-1,space
space-802,Room 802,bldg-1,space
space-803,Room 803,bldg-1,space
space-804,Room 804,bldg-1,space
space-805,Room 805,bldg-1,space
space-806,Room 806,bldg-1,space
space-807,Room 807,bldg-1,space
space-808,Room 808,bldg-1,space
space-809,Room 809,bldg-1,space
space-810,Room 810,bldg-1,space
space-811,Room 811,bldg-1,space
space-812,Room 812,bldg-1,space
space-813,Room 813,bldg-1,space
space-814,Room 814,bldg-1,space
space-815,Room 815,bldg-1,space
space-816,Room 816,bldg-1,space
space-817,Room 817,bldg-1,space
space-818,Room 818,bldg-1,space
space-819,Room 819,bldg-1,space
space-820,Room 820,bldg-1,space
space-821,Room 821,bldg-1,space
space-822,Room 822,bldg-1,space
space-823,Room 823,bldg-1,space
space-824,Room 824,bldg-1,space
space-825,Room 825,bldg-1,space
space-826,Room 826,bldg-1,space
space-827,Room 827,bldg-1,space
space-828,Room 828,bldg-1,space
space-829,Room 829,bldg-1,space
space-830,Room 830,bldg-1,space
space-831,Room 831,bldg-1,space
space-832,Room 832,bldg-1,space
space-833,Room 833,bldg-1,space
space-834,Room 834,bldg-1,space
space-835,Room 835,bldg-1,space
space-836,Room 836,bldg-1,space
space-837,Room 837,bldg-1,space
space-838,Room 838,bldg-1,space
space-839,Room 839,bldg-1,space
space-840,Room 840,bldg-1,space
space-841,Room 841,bldg-1,space
space-842,Room 842,bldg-1,space
space-843,Room 843,bldg-1,space
space-844,Room 844,bldg-1,space
space-845,Room 845,bldg-1,space
space-846,Room 846,bldg-1,space
space-847,Room 847,bldg-1,space
space-848,Room 848,bldg-1,space
space-849,Room 849,bldg-1,space
space-850,Room 850,bldg-1,space
space-851,Room 851,bldg-1,space
space-852,Room 852,bldg-1,space
space-853,Room 853,bldg-1,space
space-854,Room 854,bldg-1,space
space-855,Room 855,bldg-1,space
space-856,Room 856,bldg-1,space
space-857,Room 857,bldg-1,space
space-858,Room 858,bldg-1,space
space-859,Room 859,bldg-1,space
space-860,Room 860,bldg-1,space
space-861,Room 861,bldg-1,space
space-862,Room 862,bldg-1,space
space-863,Room 863,bldg-1,space
space-864,Room 864,bldg-1,space
space-865,Room 865,bldg-1,space
space-866,Room 866,bldg-1,space
space-867,Room 867,bldg-1,space
space-868,Room 868,bldg-1,space
space-869,Room 869,bldg-1,space
space-870,Room 870,bldg-1,space
space-871,Room 871,bldg-1,space
space-872,Room 872,bldg-1,space
space-873,Room 873,bldg-1,space
space-874,Room 874,bldg-1,space
space-875,Room 875,bldg-1,space
space-876,Room 876,bldg-1,space
space-877,Room 877,bldg-1,space
space-878,Room 878,bldg-1,space
space-879,Room 879,bldg-1,space
space-880,Room 880,bldg-1,space
space-881,Room 881,bldg-1,space
space-882,Room 882,bldg-1,space
space-883,Room 883,bldg-1,space
space-884,Room 884,bldg-1,space
space-885,Room 885,bldg-1,space
space-886,Room 886,bldg-1,space
space-887,Room 887,bldg-1,space
space-888,Room 888,bldg-1,space
space-889,Room 889,bldg-1,space
space-890,Room 890,bldg-1,space
space-891,Room 891,bldg-1,space
space-892,Room 892,bldg-1,space
space-893,Room 893,bldg-1,space
space-894,Room 894,bldg-1,space
space-895,Room 895,bldg-1,space
space-896,Room 896,bldg-1,space
space-897,Room 897,bldg-1,space
space-898,Room 898,bldg-1,space
space-899,Room 899,bldg-1,space
space-900,Room 900,bldg-1,space
space-901,Room 901,bldg-1,space
space-902,Room 902,bldg-1,space
space-903,Room 903,bldg-1,space
space-904,Room 904,bldg-1,space
space-905,Room 905,bldg-1,space
space-906,Room 906,bldg-1,space
space-907,Room 907,bldg-1,space
space-908,Room 908,bldg-1,space
space-909,Room 909,bldg-1,space
space-910,Room 910,bldg-1,space
space-911,Room 911,bldg-1,space
space-912,Room 912,bldg-1,space
space-913,Room 913,bldg-1,space
space-914,Room 914,bldg-1,space
space-915,Room 915,bldg-1,space
space-916,Room 916,bldg-1,space
space-917,Room 917,bldg-1,space
space-918,Room 918,bldg-1,space
space-919,Room 919,bldg-1,space
space-920,Room 920,bldg-1,space
space-921,Room 921,bldg-1,space
space-922,Room 922,bldg-1,space
space-923,Room 923,bldg-1,space
space-924,Room 924,bldg-1,space
space-925,Room 925,bldg-1,space
space-926,Room 926,bldg-1,space
space-927,Room 927,bldg-1,space
space-928,Room 928,bldg-1,space
space-929,Room 929,bldg-1,space
space-930,Room 930,bldg-1,space
space-931,Room 931,bldg-1,space
space-932,Room 932,bldg-1,space
space-933,Room 933,bldg-1,space
space-934,Room 934,bldg-1,space
space-935,Room 935,bldg-1,space
space-936,Room 936,bldg-1,space
space-937,Room 937,bldg-1,space
space-938,Room 938,bldg-1,space
space-939,Room 939,bldg-1,space
space-940,Room 940,bldg-1,space
space-941,Room 941,bldg-1,space
space-942,Room 942,bldg-1,space
space-943,Room 943,bldg-1,space
space-944,Room 944,bldg-1,space
space-945,Room 945,bldg-1,space
space-946,Room 946,bldg-1,space
space-947,Room 947,bldg-1,space
space-948,Room 948,bldg-1,space
space-949,Room 949,bldg-1,space
space-950,Room 950,bldg-1,space
space-951,Room 951,bldg-1,space
space-952,Room 952,bldg-1,space
space-953,Room 953,bldg-1,space
space-954,Room 954,bldg-1,space
space-955,Room 955,bldg-1,space
space-956,Room 956,bldg-1,space
space-957,Room 957,bldg-1,space
space-958,Room 958,bldg-1,space
space-959,Room 959,bldg-1,space
space-960,Room 960,bldg-1,space
space-961,Room 961,bldg-1,space
space-962,Room 962,bldg-1,space
space-963,Room 963,bldg-1,space
space-964,Room 964,bldg-1,space
space-965,Room 965,bldg-1,space
space-966,Room 966,bldg-1,space
space-967,Room 967,bldg-1,space
space-968,Room 968,bldg-1,space
space-969,Room 969,bldg-1,space
space-970,Room 970,bldg-1,space
space-971,Room 971,bldg-1,space
space-972,Room 972,bldg-1,space
space-973,Room 973,bldg-1,space
space-974,Room 974,bldg-1,space
space-975,Room 975,bldg-1,space
space-976,Room 976,bldg-1,space
space-977,Room 977,bldg-1,space
space-978,Room 978,bldg-1,space
space-979,Room 979,bldg-1,space
space-980,Room 980,bldg-1,space
space-981,Room 981,bldg-1,space
space-982,Room 982,bldg-1,space
space-983,Room 983,bldg-1,space
space-984,Room 984,bldg-1,space
space-985,Room 985,bldg-1,space
space-986,Room 986,bldg-1,space
space-987,Room 987,bldg-1,space
space-988,Room 988,bldg-1,space
space-989,Room 989,bldg-1,space
space-990,Room 990,bldg-1,space
space-991,Room 991,bldg-1,space
space-992,Room 992,bldg-1,space
space-993,Room 993,bldg-1,space
space-994,Room 994,bldg-1,space
space-995,Room 995,bldg-1,space
space-996,Room 996,bldg-1,space
space-997,Room 997,bldg-1,space
space-998,Room 998,bldg-1,space
