gateway_id,device_id,device_name,device_type,site,building,floor,installation_area,target_area,panel,point_type,point_specification,point_id,point_name,writable,interval,unit,max_pres_value,min_pres_value,labels,scale,tags,supplier,owner,description,local_id,device_id_bacnet,instance_no_bacnet,object_type_bacnet
GW001,DEV001,Temperature Sensor 01,Sensor,TokyoSite1,MainBldg,3F,Room101,Room101,,Temperature,Measurement,PT001,Room Temperature,false,60,℃,50,-10,,1.0,temperature&&room101,VendorA,Building Management,Room 101 temperature sensor,LOCAL001,BAC001,1001,Analog-Input
GW001,DEV001,Temperature Sensor 01,Sensor,TokyoSite1,MainBldg,3F,Room101,Room101,,Temperature,Measurement,PT002,Wall Temperature,false,60,℃,50,-10,,1.0,temperature&&room101,VendorA,Building Management,Wall mounted temperature sensor in Room 101,LOCAL002,BAC001,1002,Analog-Input
GW001,DEV002,Humidity Sensor 01,Sensor,TokyoSite1,MainBldg,3F,Room101,Room101,,Humidity,Measurement,PT003,Room Humidity,false,60,%,100,0,,1.0,humidity&&room101,VendorB,Building Management,Room 101 humidity sensor,LOCAL003,BAC002,2001,Analog-Input
GW001,DEV003,CO2 Sensor 01,Sensor,TokyoSite1,MainBldg,3F,Room101,Room101,,CO2 Concentration,Measurement,PT004,CO2 Level,false,120,ppm,2000,400,,1.0,co2&&room101,VendorC,Building Management,CO2 concentration sensor in Room 101,LOCAL004,BAC003,3001,Analog-Input
GW002,DEV004,Illumination Sensor 01,Sensor,TokyoSite1,MainBldg,3F,Room101,Room101,,Illuminance,Measurement,PT005,Light Level,false,30,lx,10000,0,,1.0,illuminance&&room101,VendorD,Building Management,Illuminance sensor for Room 101,LOCAL005,BAC004,4001,Analog-Input
GW002,DEV005,VAV Unit 01,VAV,TokyoSite1,MainBldg,3F,Room101,Room101,PAN01,HVAC Control,Command,PT006,VAV Damper,true,0,unit,100,0,Open&&Closed,1.0,hvac&&room101,VendorE,Building Management,VAV unit damper control,LOCAL006,BAC005,5001,Binary-Output
GW002,DEV005,VAV Unit 01,VAV,TokyoSite1,MainBldg,3F,Room101,Room101,PAN01,Flow Rate,Measurement,PT007,Supply Air Flow,false,60,CFM,500,0,,1.0,hvac&&room101,VendorE,Building Management,Supply air flow measurement from VAV,LOCAL007,BAC005,5002,Analog-Input
GW003,DEV006,Temperature Sensor 02,Sensor,TokyoSite1,MainBldg,4F,Room201,Room201,,Temperature,Measurement,PT008,Room Temperature,false,60,℃,50,-10,,1.0,temperature&&room201,VendorA,Building Management,Room 201 temperature sensor,LOCAL008,BAC006,1003,Analog-Input
GW003,DEV007,Motion Sensor 01,Sensor,TokyoSite1,MainBldg,4F,Room201,Room201,,Motion,Status,PT009,Occupancy Status,false,10,unit,1,0,Present&&Absent,1.0,occupancy&&room201,VendorF,Building Management,Motion detector for Room 201,LOCAL009,BAC007,6001,Binary-Input
